[
  {
    "id": "MP001",
    "name": "Fear Amplification",
    "category": "emotional",
    "description": "Exaggerates threats to evoke fear, prompting irrational decision-making.",
    "semantic_indicators": [
      "crisis", "danger", "catastrophe", "devastating", "unprecedented", "threat", "emergency"
    ],
    "context_clues": [
      "vague risks", "no specific data", "urgent tone", "exaggerated consequences"
    ],
    "examples": [
      "Cases are currently rising across the country in a summer surge.",
      "If we don't act now, the economy will collapse."
    ],
    "psychological_mechanism": "Triggers the amygdala, bypassing rational analysis by inducing fear-based urgency.",
    "detection_confidence": 0.85,
    "severity": "high"
  },
  {
    "id": "AMP001",
    "name": "Temporal Absolutism",
    "category": "temporal",
    "sophistication_level": "advanced",
    "description": "Presents a claim as a definitive historical turning point to exaggerate its significance.",
    "semantic_indicators": [
      "changes everything", "new era", "forever", "never again", "paradigm shift"
    ],
    "context_dependencies": [
      "scientific announcements", "policy discourse", "breakthrough claims"
    ],
    "nested_techniques": [
      "authority transfer", "manufactured significance"
    ],
    "domain_specificity": "general",
    "examples": [
      "This breakthrough study changes everything we thought we knew.",
      "The 2025 election will redefine democracy forever."
    ],
    "psychological_mechanism": "Exploits recency bias and desire for transformative narratives, bypassing scrutiny of evidence.",
    "counter_detection": "Uses grandiose language to mimic legitimate breakthroughs, evading keyword flags.",
    "detection_confidence": 0.80,
    "false_positive_risk": "medium",
    "severity": "high"
  },
  {
    "id": "AMP002",
    "name": "Statistical Hedge with Certainty Assertion",
    "category": "statistical",
    "sophistication_level": "advanced",
    "description": "Uses scientific qualifiers to appear cautious while asserting unproven conclusions.",
    "semantic_indicators": [
      "correlation doesn't prove causation", "undeniable", "clearly", "pattern is obvious"
    ],
    "context_dependencies": [
      "scientific reporting", "medical claims", "data-driven arguments"
    ],
    "nested_techniques": [
      "false scientific consensus", "narrative oversimplification"
    ],
    "domain_specificity": "academic",
    "examples": [
      "While correlation doesn't prove causation, the pattern is undeniable.",
      "Data suggests, but doesn't confirm, this drug's efficacy."
    ],
    "psychological_mechanism": "Mimics scientific rigor to gain trust, bypassing critical analysis of evidence gaps.",
    "counter_detection": "Blends humility with bold claims, evading simple contradiction detection.",
    "detection_confidence": 0.82,
    "false_positive_risk": "medium",
    "severity": "high"
  },
  {
    "id": "AMP003",
    "name": "Authority Conversion",
    "category": "nested",
    "sophistication_level": "expert",
    "description": "Converts skeptics into implied supporters to suggest crumbling opposition.",
    "semantic_indicators": [
      "even skeptics admit", "former critics now agree", "resistance is crumbling"
    ],
    "context_dependencies": [
      "controversial topics", "polarized debates", "consensus claims"
    ],
    "nested_techniques": [
      "manufactured consensus", "vague expert appeals"
    ],
    "domain_specificity": "general",
    "examples": [
      "Even skeptics are starting to admit the evidence is overwhelming.",
      "Critics now concede this policy works."
    ],
    "psychological_mechanism": "Exploits social proof and bandwagon effect, implying dissent is futile.",
    "counter_detection": "Avoids direct attribution, making verification difficult.",
    "detection_confidence": 0.78,
    "false_positive_risk": "medium",
    "severity": "high"
  },
  {
    "id": "AMP004",
    "name": "Epistemic Humility Weaponization",
    "category": "meta",
    "sophistication_level": "expert",
    "description": "Uses uncertainty to cast doubt on established facts while advancing alternative claims.",
    "semantic_indicators": [
      "we can't know for sure", "science isn't settled", "just asking questions"
    ],
    "context_dependencies": [
      "scientific controversies", "public policy debates", "conspiracy theories"
    ],
    "nested_techniques": [
      "false balance", "contradictory signal layering"
    ],
    "domain_specificity": "general",
    "examples": [
      "We can't know for sure, but this theory fits.",
      "I'm not saying the vaccine causes harm, I'm just saying we can't be certain it doesn't."
    ],
    "psychological_mechanism": "Exploits uncertainty bias, undermining trust in evidence while appearing intellectually honest.",
    "counter_detection": "Humility masks agenda, evading skepticism checks.",
    "detection_confidence": 0.91,
    "false_positive_risk": "high",
    "severity": "critical"
  },
  {
    "id": "AMP005",
    "name": "Preemptive Credibility Shield",
    "category": "meta",
    "sophistication_level": "expert",
    "description": "Disarms future critique by preemptively labeling dissent as propaganda or conspiracy.",
    "semantic_indicators": [
      "they'll say this is", "of course they'll deny it", "mainstream won't cover this"
    ],
    "context_dependencies": [
      "controversial claims", "conspiracy theories", "fringe narratives"
    ],
    "nested_techniques": [
      "dismissive framing", "conspiracy implication"
    ],
    "domain_specificity": "general",
    "examples": [
      "They'll call this a conspiracy theory, but the data speaks for itself.",
      "Of course the media will dismiss this as fake news."
    ],
    "psychological_mechanism": "Triggers identity defense and in-group bias by preparing the audience to resist disagreement.",
    "counter_detection": "Bypasses keyword filters using speculative preamble.",
    "detection_confidence": 0.86,
    "false_positive_risk": "medium",
    "severity": "high"
  }
]