[
  {
    "id": "vx-pc01",
    "label": "Perceived Consensus Detector",
    "tone": "assertive",
    "priority": 1,
    "threshold": 0.8,
    "tags": ["consensus", "social-proof"],
    "uiColor": "blue",
    "linkedLesson": "epistemic-humility",
    "quoteAnchorId": "truth-1"
  },
  {
    "id": "vx-em08",
    "label": "Emotional Manipulation Detector", 
    "tone": "manipulative",
    "priority": 2,
    "threshold": 0.75,
    "tags": ["emotion", "manipulation"],
    "uiColor": "red",
    "linkedLesson": "bias-detection",
    "quoteAnchorId": "truth-2"
  },
  {
    "id": "vx-ha01",
    "label": "Hallucination Detector",
    "tone": "speculative", 
    "priority": 3,
    "threshold": 0.7,
    "tags": ["fabrication", "accuracy"],
    "uiColor": "purple",
    "linkedLesson": "source-evaluation",
    "quoteAnchorId": "truth-3"
  },
  {
    "id": "vx-os01",
    "label": "Omission Detector",
    "tone": "incomplete",
    "priority": 4, 
    "threshold": 0.65,
    "tags": ["missing-context", "omission"],
    "uiColor": "yellow",
    "linkedLesson": "critical-analysis",
    "quoteAnchorId": "truth-4"
  },
  {
    "id": "vx-so01",
    "label": "Speculative Authority Detector",
    "tone": "uncertain",
    "priority": 5,
    "threshold": 0.6,
    "tags": ["speculation", "authority"],
    "uiColor": "orange",
    "linkedLesson": "epistemic-humility", 
    "quoteAnchorId": "truth-5"
  },
  {
    "id": "vx-fp01",
    "label": "False Precision Detector",
    "tone": "misleading",
    "priority": 6,
    "threshold": 0.7,
    "tags": ["precision", "numbers"],
    "uiColor": "green",
    "linkedLesson": "statistical-literacy",
    "quoteAnchorId": "truth-6"
  }
]